{
    "general": {
        "loading": "Loading...",
        "and": "and",
        "readMore": "Read more",
        "submit": "Submit",
        "notFoundTitle": "Ooooops...",
        "notFoundText": "The requested URL was not found on this server. That’s all we know.",
        "errors": {
            "required": "This field is required.",
            "invalidEmail": "Valid email is required.",
            "invalidPhone": "Valid phone number is required."
        },
        "yes": "yes",
        "no": "no",
        "back": "back",
        "required": "required"
    },
    "welcomepage": {
        "title": "Find your perfect Seychelles accommodation",
        "introduction1": "We think planning a holiday to Seychelles and making the right travel choices should be easy.",
        "introduction2": "Just as finding your ideal place to stay and booking on-site services should be possible from your home.",
        "card1": {
            "title": "Unique and specialized",
            "subhead": "Create a unique holiday with specialized travel advisors"
        },
        "card2": {
            "title": "Instant and real time",
            "subhead": "Book instantly using real time availability"
        },
        "card3": {
            "title": "Confident and safe",
            "subhead": "Be confident and safe in Seychelles"
        }
    },
    "search": {
        "room": {
            "singular": "room",
            "plural": "rooms"
        },
        "cabin": {
            "singular": "cabin",
            "plural": "cabins"
        },
        "night": {
            "singular": "night",
            "plural": "nights"
        },
        "result": {
            "singular": "result",
            "plural": "results"
        },
        "roomForm": {
            "guests": "Guests",
            "age_of_children": "Age of children at the time of check out"
        },
        "occasion": {
            "holiday": "Holiday",
            "honeymoon": "Honeymoon",
            "anniversary": "Anniversary"
        },
        "daterange": {
            "from": "From",
            "to": "To",
            "time": "Time",
            "wedding_date": "Wedding Date",
            "arrival": "Arrival",
            "departure": "Departure",
            "remove": "Remove",
            "ok": "OK",
            "cancel": "Cancel",
            "default": "Please select the dates of your holiday."
        },
        "accommodationDetails": {
            "notFound": "No results found. Please change your search paramaters or take a look at other accommodations as well!",
            "goToAccommodationList": "Search in all accommodations"
        },
        "sidebar": {
            "search": "Search",
            "add_room": "Add room",
            "remove": "Remove",
            "roomWithIndex": "Room #{{index}}",
            "adults": "Adults",
            "children": "Children",
            "islands": "Islands",
            "island": "Island",
            "beach": "Beach",
            "dontKnow": "I don't know the dates yet",
            "dontKnowAlert": "Please select date range or check \"I don't know the dates yet\" checkbox!",
            "ageNotGiven": "Please select the children's age!",
            "meal_plans": "Meal plans",
            "text-search-label": "Accommodation name",
            "destination-name": "Destination name",
            "filter": "Filter",
            "sort_by": "Sort by",
            "ratings": "ratings",
            "more_options": "More options",
            "options": {
                "accommodation_category": "Accommodation category"
            },
            "year": "year",
            "amountNotGiven": "Please enter the number of guests in any room.",
            "notEnoughMarried": "Please select at least 2 adult when going to Honeymoon or Anniversary!",
            "marriageNotProvided": "Wedding date is required!",
            "accommodationNotFound": "No results found",
            "cancel": "Cancel"
        },
        "summary": {
            "no_results": "No matching results found.",
            "all_results_filtered": "No matching results found with selected filters.",
            "listView": "List View",
            "mapView": "Map View",
            "sort_by": "Sort by",
            "sort": {
                "byPrice": {
                    "asc": "Sort by Price (Low to High)",
                    "desc": "Sort by Price (High to Low)"
                },
                "byIsland": "Sort by Island"
            }
        },
        "error": {
            "fromDateIsBeforeToday": "The selected dates are no longer available.<br>Please re-select your arrival and departure dates."
        },
        "returningClient":{
            "label": "Returning client",
            "warning": "Your entitlement to this discount will be verified at check-in.",
            "cartWarning": "You received a \"Returning client\" discount. Your entitlement to this discount will be verified at check-in."
        }
    },
    "menu": {
        "home": "Home",
        "accommodations": "Accommodations",
        "cruises": "Cruises",
        "charters": "Yacht Charters",
        "myHoliday": "My Holiday",
        "toggle": "Toggle navigation",
        "aboutUs": "About us",
        "aboutSeychelles": "About Seychelles",
        "contactUs": "Contact us"
    },
    "accommodations": {
        "availableRoomRates": "Available room rates",
        "accommodationDetails": "Accommodation details",
        "backToList": "Back to all accommodations",
        "seeDetails": "See all rooms"
    },
    "charters": {
        "backToList": "Back to all yachts",
        "seeDetails": "See yacht"
    },
    "accommodation": {
        "room": "Room",
        "rooms": "Rooms",
        "roomDetails": "Room details",
        "hideRoomDetails": "Hide details",
        "addToMyHoliday": "Add to my holiday",
        "changeRoom": "Change room",
        "usage": "Usage",
        "rating": "Rating",
        "reviews": "reviews",
        "menu": {
            "gallery": "Gallery",
            "description": "Description",
            "location": "Location",
            "rooms": "Rooms",
            "reviews": "Reviews",
            "details": "Details"
        },
        "topServices": "Top Services",
        "about": "About this accommodation",
        "room_details": "Details",
        "changeDates": "Change my dates",
        "close": "Close",
        "hasEmptyRoomsConfirm": "Please select a room for all guests. Are you sure you want to leave?",
        "selectMealPlan": "Please select a meal plan!"
    },
    "mealPlans": {
        "e/p": "Empty plan",
        "b/b": "Bed & breakfast",
        "h/b": "Half board",
        "f/b": "Full board",
        "inc": "All inclusive"
    },
    "cart": {
        "my-holiday": "My Holiday",
        "updating": "Updating prices...",
        "empty": "Your cart is empty.",
        "guestInformation": "Guest information",
        "summary": "Summary",
        "summaryDetails": "{{countRooms}} rooms for {{countGuests}} guests",
        "room": {
            "guests": "Guests",
            "check-in": "Check-in",
            "check-out": "Check-out",
            "nights": "Nights",
            "conditions": "Conditions",
            "free-cancellation": "Free cancellation until"
        },
        "guest": "Guest",
        "name": "name",
        "special-remarks": "Special remarks",
        "special-remarks-placeholder": "Do you have any requests? Allery, birthday, anniversary, early check in, etc.",
        "my-details": "My details",
        "total-rack": "Total rack",
        "clearAllItems": "Clear all items",
        "deleteItem": "Delete",
        "editItem": "Modify",
        "nights": "nights",
        "total": "Total:",
        "firstName": "First name",
        "lastName": "Last name",
        "email": "Email",
        "nationality": "Nationality",
        "telephone": "Telephone",
        "book-now": "Book now",
        "toast": {
            "success": "Item has been added to your cart successfully",
            "go-to-my-cart": "Go to my cart"
        },
        "country": "Country",
        "errors": {
            "required": {
                "firstName": "First name is required.",
                "lastName": "Last name is required.",
                "country": "Country is required.",
                "email": "Valid email is required.",
                "telephone": "Valid phone number is required."
            },
            "general": {
                "fillAll": "Please fill all guests' names!",
                "registeredOK": "We have registered your order. Thank you!"
            }
        },
        "isOverbooked": "This room might be overbooked.",
        "isOverVisaLimit": "The number of nights in the basket exceeds the visa limit. Please check your reservation or contact us.",
        "pleaseSelectParentRoom": "If these children travel with their parent, please select the parent's room to receive a family discount. Proof of family/relationship may be required upon check-in."
    },
    "discounts": {
        "totalDiscount": "Total discount",
        "used": "Discounts used",
        "discounts": "Discounts",
        "inclTax": "incl. Tax",
        "originalPrice": "original price",
        "noneFound": "No discounts found.",
        "total": "Total"
    },
    "contents": {
        "navigateToPost": "Read this post",
        "writtenBy": "Written by",
        "editedBy": "Edited by",
        "categories": "Categories",
        "lastUpdated": "Last updated"
    },
    "contact": {
        "successful": "Your message has been sent successfully",
        "errors": {
            "fieldsRequired": "All contact field must be filled",
            "recaptcha": "Something went wrong with the reCaptcha, please try again!"
        },
        "contactUs": "Contact Us",
        "fullName": "Full name",
        "email": "Email",
        "phone": "Phone",
        "message": "Message",
        "send": "Send"
    },
    "footer": {
        "accommodations": "Accommodations",
        "cruises": "Cruises",
        "yachtCharter": "Yacht charter",
        "weddings": "Weddings",
        "transfer": "Transfer",
        "myHoliday": "My Holiday",
        "blog": "Blog",
        "webcam": "Webcam",
        "weather": "Weather",
        "activities": "Activites",
        "usefulTips": "Useful tips",
        "aboutUs": "About us",
        "contact": "Contact",

        "allRightsReserved": "All Rights Reserved",
        "termsAndConditions": "Terms and Conditions",
        "bookingPolicy": "Booking Policy",
        "privacyPolicy": "Privacy Policy"
    },
    "blog": {
        "categories": "Categories",
        "all": "All",
        "WrittenBy": "Written by",
        "lastUpdatedOn": "Last updated on",
        "editedBy": "Edited by"
    },

    "ROUTE#home": "home",
    "ROUTE#search": "search",
    "ROUTE#accommodation": "accommodation",
    "ROUTE#cruise": "cruise",
    "ROUTE#charter": "charter",
    "ROUTE#accommodation/:id": "accommodation/:id",
    "ROUTE#my-holiday": "my-holiday",
    "ROUTE#about-seychelles": "about-seychelles",
    "ROUTE#contact-us": "contact-us"
}
