{
    "general": {
        "loading": "Betöltés...",
        "and": "és",
        "readMore": "További információk",
        "submit": "Elküld",
        "notFoundTitle": "Hoppá...",
        "notFoundText": "A kért URL nem található a szerveren.",
        "errors": {
            "required": "Kötelező mező.",
            "invalidEmail": "Érvénytelen email cím",
            "invalidPhone": "Érvénytelen telefonszám"
        },
        "yes": "igen",
        "no": "nem",
        "back": "vissza",
        "required": "kötelező"
    },
    "welcomepage": {
        "title": "Találja meg tökéletes szállását a Seychelles szigeteken",
        "introduction1": "Nyaralás tervezése Seychelles szigetekre sose volt könnyebb.",
        "introduction2": "Elég csak otthonról online megtervezni és megrendelni.",
        "card1": {
            "title": "Egyedi és speciális",
            "subhead": "Állítson össze egy egyedi utazást nyaralási szakemberekkel"
        },
        "card2": {
            "title": "Azonnali, valós idejű",
            "subhead": "Foglaljon valós elérhetőségi adatok alapján"
        },
        "card3": {
            "title": "Magabiztos és biztonságos",
            "subhead": "Érezze magát biztonságban a Seychelles szigeteken"
        }
    },
    "search": {
        "room": {
            "singular": "szoba",
            "plural": "szoba"
        },
        "cabin": {
            "singular": "kabin",
            "plural": "kabin"
        },
        "night": {
            "singular": "éjszaka",
            "plural": "éjszaka"
        },
        "result": {
            "singular": "találat",
            "plural": "találat"
        },
        "roomForm": {
            "guests": "Vendégek",
            "age_of_children": "A gyermekek életkora a nyaralás végén"
        },
        "occasion": {
            "holiday": "Nyaralás",
            "honeymoon": "Nászút",
            "anniversary": "Évforduló"
        },
        "daterange": {
            "from": "Érkezés",
            "to": "Távozás",
            "time": "Időpont",
            "wedding_date": "Esküvő dátuma",
            "arrival": "Érkezés",
            "departure": "Távozás",
            "remove": "Törlés",
            "ok": "OK",
            "cancel": "Mégse",
            "default": "Kérem válassza ki nyaralása dátumát!"
        },
        "accommodationDetails": {
            "notFound": "Nincs találat. Kérem változtassa meg a keresési paramétereket, vagy tekintse meg a többi szállást!",
            "goToAccommodationList": "Összes szállás keresése"
        },
        "sidebar": {
            "search": "Keresés",
            "add_room": "Szoba hozzáadása",
            "remove": "Törlés",
            "roomWithIndex": "{{index}}. szoba",
            "adults": "Felnőttek",
            "children": "Gyermekek",
            "islands": "Szigetek",
            "island": "Sziget",
            "beach": "Strand",
            "dontKnow": "Nem tudom az érkezésem dátumát",
            "dontKnowAlert": "Kérem válasszon dátumot vagy jelölje be a \"Nem tudom az érkezésem dátumát\" mezőt!",
            "ageNotGiven": "Kérem válassza ki a gyerekek korát",
            "meal_plans": "Ellátás",
            "text-search-label": "Szállás neve",
            "destination-name": "Célállomás neve",
            "filter": "Szűrő",
            "sort_by": "Rendezés",
            "ratings": "értékelés",
            "more_options": "További opciók",
            "options": {
                "accommodation_category": "Szállás kategória"
            },
            "year": "év",
            "amountNotGiven": "Kérjük minden szobába adja meg a vendégek számát.",
            "notEnoughMarried": "Kérjük legalább két felnőttet jelöljön meg nászút vagy évforduló esetén!",
            "marriageNotProvided": "Az esküvő dátumának megadása kötelező!",
            "accommodationNotFound": "Nincs találat",
            "cancel": "Mégse"
        },
        "summary": {
            "no_results": "Nincs találat a keresésre.",
            "all_results_filtered": "Nincs találat a keresésre a megadott szűrőkkel.",
            "adults": "felnőtt",
            "children": "gyerek",
            "listView": "Lista",
            "mapView": "Térkép",
            "sort": {
                "byPrice": {
                    "asc": "Ár szerint növekvő",
                    "desc": "Ár szerint csökkenő"
                },
                "byIsland": "Sziget szerint"
            }
        },
        "error": {
            "fromDateIsBeforeToday": "A kiválasztott dátumok már nem érhetőek el.<br>Kérjük válasszon egy új érkezési és távozási időpontot."
        },
        "returningClient":{
            "label": "Visszatérő vendég",
            "warning": "Szükség esetén a helyszínen igazolandó, hogy Ön valóban jogosult erre a kedvezményre.",
            "cartWarning": "Ön \"Visszatérő vendég\" kedvezményt kapott. Szükség esetén a helyszínen igazolandó, hogy Ön valóban jogosult erre a kedvezményre."
        }
    },
    "menu": {
        "home": "Főoldal",
        "accommodations": "Szállások",
        "cruises": "Hajóutak",
        "charters": "Jachtok",
        "myHoliday": "Nyaralásom",
        "toggle": "Menü ki/be",
        "aboutUs": "Rólunk",
        "aboutSeychelles": "Seychelles szigetekről",
        "contactUs": "Kapcsolat"
    },
    "accommodations": {
        "availableRoomRates": "Elérhető szobaárak",
        "accommodationDetails": "Szállás részletes adatai",
        "backToList": "Vissza az összes szállodához",
        "seeDetails": "Összes szoba mutatása"
    },
    "charters": {
        "backToList": "Vissza az összes jachthoz",
        "seeDetails": "Yacht mutatása"
    },
    "accommodation": {
        "room": "Szoba",
        "rooms": "Szobák",
        "roomDetails": "További információk",
        "hideRoomDetails": "Kevesebb információ",
        "addToMyHoliday": "Hozzáadás a nyaralásomhoz",
        "changeRoom": "Szoba változtatása",
        "usage": "Usage",
        "rating": "Értékelés",
        "reviews": "értékelések",
        "menu": {
            "gallery": "Galéria",
            "description": "Leírás",
            "location": "Elhelyezkedés",
            "rooms": "Szobák",
            "reviews": "Értékelések",
            "details": "Accommodationről"
        },
        "topServices": "Kiemelt szolgáltatások",
        "about": "A szállásról",
        "room_details": "Részletek",
        "changeDates": "Keresés módosítása",
        "close": "Bezárás",
        "hasEmptyRoomsConfirm": "Kérjük válassz egy szobát a többi vendégnek is. Biztosan el akarod hagyni az oldalt?",
        "selectMealPlan": "Kérem válasszon ellátást!"
    },
    "mealPlans": {
        "e/p": "Ellátás nélkül",
        "b/b": "Reggeli",
        "h/b": "Félpanzió",
        "f/b": "Teljes panzió",
        "inc": "All inclusive"
    },
    "cart": {
        "guestInformation": "Vendég adatai",
        "empty": "A kosár üres.",
        "summary": "Összesítő",
        "summaryDetails": "{{countRooms}} szoba {{countGuests}} vendégnek",
        "room": {
            "guests": "Vendégek",
            "check-in": "Bejelentkezés",
            "check-out": "Kijelentkezés",
            "nights": "Éjszakák",
            "conditions": "Kondíciók",
            "free-cancellation": "Ingyenes lemondási határidő:"
        },
        "guest": "Vendég",
        "special-remarks": "Speciális megjegyzések",
        "special-remarks-placeholder": "Van bármi megjegyzése? Allergia, születésnap, évforduló, korai bejelentkezés, stb.",
        "name": "neve",
        "my-details": "Adataim",
        "total-rack": "Végösszeg",
        "my-holiday": "Nyaralásom",
        "updating": "Árak frissítése...",
        "clearAllItems": "Összes törlése",
        "deleteItem": "Törlés",
        "editItem": "Módosítás",
        "nights": "éjszaka",
        "total": "Összesen:",
        "firstName": "Keresztnév",
        "lastName": "Vezetéknév",
        "email": "Email",
        "nationality": "Nemzetiség",
        "telephone": "Telefonszám",
        "book-now": "Foglalás",
        "toast": {
            "success": "Sikeres hozzáadás a kosárhoz",
            "go-to-my-cart": "Kosár megtekintése"
        },
        "country": "Ország",
        "errors": {
            "required": {
                "firstName": "Kötelező mező.",
                "lastName": "Kötelező mező.",
                "country": "Kötelező mező.",
                "email": "Létező, aktív cím.",
                "telephone": "Kötelező mező."
            },
            "general": {
                "fillAll": "Kérjük adja meg az összes vendég nevét!",
                "registeredOK": "Megrendelését fogadtuk. Köszönjük!"
            }
        },
        "isOverbooked": "Lehetséges, hogy nincs több szabad szoba",
        "isOverVisaLimit": "A kosárban lévő éjszakák száma meghaladja a vízum maximális hosszát. Kérjük nézze át a foglalását vagy vegye fel velünk a kapcsolatot!",
        "pleaseSelectParentRoom": "Ha ezek a gyerekek a szüleikkel utaznak, kérem válassza ki a szülők szobáját a családi kedvezmény érvényesítéséhez. A rokonsági kapcsolatot a helyszínen igazolni kell!"
    },
    "discounts": {
        "totalDiscount": "Összes kevezmény",
        "used": "Alkalmazott kedvezmények",
        "discounts": "Kedvezmények",
        "inclTax": "adóval",
        "originalPrice": "Eredeti ár",
        "noneFound": "Nincs kedvezmény.",
        "total": "Összesen"
    },
    "contents": {
        "navigateToPost": "Elolvasom",
        "writtenBy": "Írta",
        "editedBy": "Szerkesztette",
        "categories": "Kategóriák",
        "lastUpdated": "Utoljára frissítve"
    },
    "contact": {
        "successful": "Üzenetét sikeresen elküldtük ",
        "errors": {
            "fieldsRequired": "Minden mező kitöltése kötelező",
            "recaptcha": "Hiba történt a reCaptchával kapcsolatban, kérem próbálja újra!"
        },
        "contactUs": "Kapcsolat",
        "fullName": "Név",
        "email": "Email",
        "phone": "Telefon",
        "message": "Üzenet",
        "send": "Küldés"
    },
    "footer": {
        "accommodations": "Szállások",
        "cruises": "Utazások",
        "yachtCharter": "Yacht bérlés",
        "weddings": "Menyegző",
        "transfer": "Átvitel",
        "myHoliday": "Nyaralásom",
        "blog": "Blog",
        "webcam": "Webkamera",
        "weather": "Időjárás",
        "activities": "Aktivitás",
        "usefulTips": "Hasznos tippek",
        "aboutUs": "Rólunk",
        "contact": "Kapcsolat",

        "allRightsReserved": "Minden jog fenntartva",
        "termsAndConditions": "Felhasználási feltételek",
        "bookingPolicy": "Foglalási szabályzat",
        "privacyPolicy": "Adatvédelem"
    },
    "blog": {
        "categories": "Kategóriák",
        "all": "Összes",
        "WrittenBy": "Szerző",
        "lastUpdatedOn": "Utolsó módosítás",
        "editedBy": "Szerkesztette"
    },

    "ROUTE#home": "fooldal",
    "ROUTE#search": "kereses",
    "ROUTE#accommodation": "szallas",
    "ROUTE#cruise": "hajout",
    "ROUTE#charter": "jacht",
    "ROUTE#accommodation/:id": "szallas/:id",
    "ROUTE#my-holiday": "nyaralasom",
    "ROUTE#about-seychelles": "seychelles-rol",
    "ROUTE#contact-us": "kapcsolat"
}
